Name,Id,City,Date,Email
Drake Saunders,6578,Kupang,08 19 25,feugiat.placerat@google.org
Amethyst Holman,8458,East Jakarta,08 31 25,etiam.laoreet@icloud.net
Charity Miranda,5860,Mojokerto,10 15 24,risus@protonmail.edu
Jamal Best,1337,Metro,01 11 25,turpis.non.enim@protonmail.ca
Emerald Vang,8774,Bengkulu,12 09 25,elementum.purus.accumsan@outlook.org
Malcolm Donovan,9940,Tarakan,11 20 25,nunc.ut.erat@protonmail.couk
Macaulay Espinoza,7344,Pangkalpinang,04 24 25,egestas.hendrerit@google.net
Carla Olson,7216,Dumai,01 09 25,phasellus.ornare.fusce@aol.ca
Christian Fischer,7123,Kupang,10 21 24,orci.lacus@outlook.net
Dexter Meadows,7002,Denpasar,11 24 24,mi.ac@aol.net
Luke Pope,6345,Denpasar,12 01 25,adipiscing.elit@hotmail.couk
Jermaine Lawrence,3775,Metro,03 27 26,lectus.convallis@google.edu
Aladdin Hoffman,3600,Bengkulu,09 12 24,risus@google.com
Kaitlin Williams,3531,Serang,08 20 25,integer.eu.lacus@aol.net
Phillip Carter,1564,Dumai,03 29 25,cursus@aol.org
Jack Collins,4077,Serang,10 30 24,vulputate.ullamcorper@protonmail.edu
William Santana,3325,Manado,03 03 26,massa@icloud.ca
Giselle Moran,3183,Samarinda,11 30 24,neque.sed@outlook.ca
Rhona Marshall,5766,Bima,03 15 25,lectus@google.org
Paloma Fulton,5089,Pontianak,09 17 24,felis@hotmail.org
Lillith Castaneda,1134,Tarakan,10 15 24,vulputate.velit@yahoo.couk
Scarlett Price,3952,Kupang,08 11 24,interdum@protonmail.com
Finn Lynn,1946,Palangka Raya,10 18 25,orci@aol.couk
Aristotle Barber,3828,Padang Sidempuan,02 07 26,phasellus@hotmail.org
Karyn Rowe,3832,Tidore,01 12 25,purus.maecenas@yahoo.ca
Kenneth English,7802,Semarang,08 12 25,cras.vulputate@yahoo.couk
Caesar Walsh,8700,Bengkulu,06 11 25,tincidunt.donec@icloud.net
Rhonda Church,3129,Kendari,06 25 25,fusce.diam@google.net
Barry Carlson,4082,Bandar Lampung,08 13 24,malesuada@outlook.org
Christopher Powers,6392,Palangka Raya,02 05 26,phasellus.in.felis@hotmail.edu
Mira Bryant,4492,Banjarbaru,10 25 25,non.enim.commodo@protonmail.org
Todd Rosario,9445,Parepare,02 19 25,sed.tortor@outlook.com
Fritz Mcknight,3285,South Jakarta,02 25 26,vehicula@aol.org
Omar Kemp,1766,Pangkalpinang,02 21 26,suspendisse.commodo@outlook.org
Richard Allen,7643,Dumai,08 22 25,urna.vivamus@outlook.org
Melissa Jennings,1685,Bima,07 31 25,nam.tempor.diam@yahoo.ca
Isaac York,7921,Bengkulu,09 15 25,dolor.fusce@yahoo.com
Hoyt Hart,6277,Banda Aceh,12 24 24,est.ac@hotmail.ca
Dillon Murray,7584,Serang,10 27 25,donec.egestas@google.ca
Sharon Jennings,6749,Pangkalpinang,05 20 25,mauris.ipsum@outlook.org
Damian Ortega,8394,Kupang,09 22 25,odio.a@protonmail.net
Kirby Navarro,6870,Ternate,12 21 24,consectetuer@outlook.couk
Wang Rasmussen,2128,Mataram,05 15 25,nisi.aenean@hotmail.org
Hunter Rios,7985,Padang Sidempuan,12 08 24,arcu.aliquam@outlook.edu
Bo Odom,4960,Banda Aceh,05 21 26,arcu@yahoo.org
Ginger Wilder,3331,Samarinda,05 19 25,dolor.dolor.tempus@google.ca
Amela Mccall,5746,Palu,04 29 25,duis.cursus@google.org
Madeson Mays,4989,Tanjungbalai,03 30 25,vitae.velit@aol.couk
Wyoming Jefferson,8710,Tidore,09 02 24,at@hotmail.org
Amity Shepherd,6404,Gorontalo,06 21 26,lorem.ipsum@icloud.edu
Deanna Franco,8095,Tanjung Pinang,03 23 25,nulla.magna@yahoo.org
Ferris Little,1168,Padang Panjang,10 23 25,ante.maecenas.mi@protonmail.net
Adrian Weaver,8927,Sungai Penuh,02 18 25,ac.metus@hotmail.net
Christian Mcleod,3596,Ternate,07 02 25,quis.arcu.vel@icloud.couk
Sylvia Hampton,9460,Tanjung Pinang,08 30 25,vestibulum.ut.eros@outlook.org
Grady Lang,1978,Gunungsitoli,01 26 25,magna.praesent.interdum@aol.edu
Riley Harrington,8705,Bogor,12 13 25,nunc.sed.libero@google.edu
Gabriel Dotson,2513,Serang,02 17 26,facilisis.vitae@aol.org
William Peterson,3908,Kupang,04 21 25,sed.diam@outlook.org
Moses Lindsey,5145,Kupang,01 20 26,dapibus.quam.quis@google.couk
Willow Hewitt,7490,Palembang,04 18 25,vulputate.ullamcorper@hotmail.ca
Thor Roth,1992,Pekanbaru,09 27 25,ac@aol.couk
Stella Benson,2858,Serang,04 03 25,eu.arcu.morbi@yahoo.couk
Leslie Bridges,5753,Palembang,03 06 25,auctor.ullamcorper.nisl@yahoo.com
Kellie Burks,2196,Tarakan,02 11 25,mollis.integer.tincidunt@aol.org
Dexter Harris,4915,Jayapura,07 09 25,vivamus.euismod@icloud.net
Simone Stokes,4876,Palangka Raya,12 13 24,pellentesque@icloud.edu
Dominic Vincent,4317,Balikpapan,08 02 24,luctus@google.org
Chadwick Mclean,2684,Tasikmalaya,12 23 24,nullam.scelerisque@outlook.ca
Herrod Berger,9716,Central Jakarta,08 15 24,rutrum.urna.nec@google.com
Tasha Brock,9603,Banda Aceh,06 09 26,adipiscing@protonmail.net
Fitzgerald Barker,5551,Tanjung Pinang,02 05 26,nunc.ullamcorper@aol.net
Lars Henderson,4958,Banda Aceh,05 14 26,nec.tempus@protonmail.edu
Lawrence Mccoy,2301,Baubau,08 31 25,tincidunt.pede.ac@icloud.org
Matthew Carson,5431,Gorontalo,08 19 25,non.arcu.vivamus@outlook.com
Sean Potts,6906,Balikpapan,12 29 25,non.dapibus@google.ca
Aphrodite Robles,3314,Samarinda,07 30 24,praesent.interdum@google.com
Steel Sampson,6446,Metro,02 08 25,ultrices.duis@google.edu
Basia Farrell,2700,Gorontalo,09 21 25,et.netus@yahoo.couk
Connor Kent,5058,Bontang,04 02 25,vulputate.lacus.cras@outlook.com
Galvin Cardenas,7540,Banda Aceh,06 05 25,auctor.velit.eget@hotmail.couk
Jerome Burke,6972,Kupang,06 19 26,facilisis.facilisis@aol.couk
Martena Buchanan,6240,Bontang,09 18 25,vehicula.aliquet@aol.org
Uriah Nelson,5466,Palu,09 03 25,phasellus.ornare@google.edu
Demetrius Reyes,9649,Padang Panjang,07 21 24,lacus.mauris.non@aol.edu
Maya Conrad,4494,South Jakarta,12 21 25,velit@outlook.ca
Camden Finch,7790,Jayapura,06 19 25,ligula.eu.enim@google.org
Katelyn Arnold,3568,Manokwari,07 29 24,orci.luctus.et@protonmail.org
Skyler Gamble,6664,Serang,03 29 25,pellentesque@hotmail.ca
Jena Mills,5639,Yogyakarta,10 30 25,ultrices@aol.edu
Clinton Rhodes,9564,Parepare,09 25 24,gravida.nunc@google.ca
Xenos Macdonald,1292,Banjarbaru,11 17 24,lectus.justo@aol.net
Carla Collins,6140,Tarakan,11 10 24,sed.libero@protonmail.com
Doris Summers,5749,Denpasar,02 28 26,mollis.phasellus@google.net
Baker Hudson,4403,Ternate,01 17 25,ligula.nullam.feugiat@protonmail.edu
Joseph Harper,5641,Tanjungbalai,04 11 26,interdum.feugiat@icloud.edu
Kay Monroe,2535,Manokwari,11 19 24,ridiculus.mus.aenean@protonmail.ca
Renee George,9511,Tomohon,09 11 25,metus.aenean.sed@icloud.ca
Teegan Good,5455,Mataram,02 26 26,lectus.quis.massa@google.ca
Mira Steele,6949,Mamuju,10 26 25,dis.parturient.montes@aol.couk
Ralph Lang,6397,Manokwari,11 10 24,sit.amet.risus@hotmail.ca
Abra Miller,6758,Banjarmasin,05 01 26,nunc.interdum.feugiat@hotmail.net
Alea Sanders,8093,Serang,01 13 26,cum.sociis@yahoo.org
Susan Herrera,6674,Tidore,07 17 24,mi.felis@icloud.net
Hedley Short,2945,Mamuju,05 22 26,euismod@google.net
Ursula Rivas,9734,Tidore,05 03 25,nibh@icloud.net
Warren Montoya,8109,Tual,09 09 24,egestas.sed@hotmail.couk
Gail Baldwin,9714,Banda Aceh,11 17 25,lorem.vehicula@google.org
Marshall Sloan,9868,Sukabumi,02 17 26,at.libero@icloud.ca
Brielle Pugh,3077,Pontianak,11 08 25,in.scelerisque@icloud.com
Iola Cameron,6333,Bandar Lampung,12 26 24,gravida.molestie@yahoo.com
Aphrodite Perry,5738,Manokwari,06 10 25,nunc@yahoo.org
Urielle Potter,4850,Palu,10 24 25,adipiscing@outlook.net
Knox Sears,9843,Palu,04 16 25,vel.vulputate.eu@protonmail.edu
Odysseus Wilkinson,5808,Ambon,11 15 24,et.rutrum.non@yahoo.edu
Chantale Fuller,4225,Semarang,03 28 26,maecenas@google.ca
Christopher Ortiz,3481,Manokwari,10 23 24,lacus@hotmail.couk
Shoshana Beck,7121,Banda Aceh,06 20 25,sociis.natoque@hotmail.org
Cameran Johnston,9655,Bandar Lampung,06 29 25,feugiat.placerat@protonmail.ca
Neve Clarke,5789,Semarang,03 04 26,lectus.sit@outlook.edu
Hedley Robles,8638,Palembang,05 11 26,tellus.justo@hotmail.edu
Cassandra Henderson,9564,Palu,10 15 24,et.ultrices@hotmail.com
Shoshana Quinn,3683,Bekasi,11 25 25,ultrices.posuere.cubilia@outlook.org
Caldwell Eaton,1408,Denpasar,04 19 25,dui@hotmail.com
Ashton Woodard,1621,Manokwari,12 07 25,donec.feugiat@hotmail.net
Athena Diaz,7502,Tidore,01 10 26,aliquam.ultrices.iaculis@aol.couk
Igor Bird,4389,Ambon,12 27 25,enim@yahoo.com
Fitzgerald Morrow,1503,Denpasar,03 21 25,augue.ut@protonmail.couk
Davis Mathis,8313,Manokwari,08 21 24,non.cursus@icloud.net
Germaine Walter,4739,Palangka Raya,12 30 25,eu.neque@aol.net
Juliet Norris,9345,Gorontalo,08 31 25,tellus.sem.mollis@hotmail.edu
Ivy Hatfield,3334,Pontianak,08 02 24,sit.amet@outlook.net
Dahlia Hanson,9208,Sungai Penuh,03 16 25,est@google.org
Tara Jacobson,3484,Tomohon,12 26 25,iaculis.enim.sit@yahoo.couk
Ray Casey,6978,Palopo,12 15 25,purus.in@outlook.edu
Caryn Decker,6736,Jayapura,10 03 25,sollicitudin@hotmail.couk
Conan Navarro,2769,Tidore,04 30 26,bibendum.sed@google.com
Anastasia Wright,5558,Banjarbaru,05 27 26,vestibulum.lorem.sit@yahoo.edu
Josephine Cobb,8133,Binjai,09 25 25,feugiat.tellus.lorem@hotmail.net
Clarke Owens,4862,Bitung,04 30 26,non@google.couk
Eric Bauer,7597,Kendari,02 24 26,faucibus.leo@outlook.com
Mercedes Chan,8891,Singkawang,04 18 25,sagittis.felis@protonmail.edu
Demetrius Cooley,6685,Singkawang,05 02 25,integer.vulputate@icloud.com
Hanae Williams,9637,Semarang,05 21 26,eu.turpis@hotmail.com
Cheryl Campos,1984,Makassar,10 09 25,ipsum.curabitur@hotmail.couk
Marshall Cross,2927,Serang,03 07 26,nulla.eget@hotmail.org
Chloe Chang,2373,North Jakarta,03 09 25,ac.urna@hotmail.net
Brenda Lucas,3245,Tomohon,04 02 25,mollis.lectus@aol.org
Giacomo Stout,8663,Tarakan,11 03 25,elementum.sem@google.ca
Patrick Livingston,9652,Yogyakarta,06 25 25,in@hotmail.ca
Steven Klein,4012,Tomohon,12 14 25,mollis.duis.sit@yahoo.net
Hamilton Kirby,6519,Ternate,09 14 24,facilisis@aol.org
Kennan Odom,7961,Kendari,07 22 25,aenean.massa.integer@aol.couk
Brett Davenport,5569,Bontang,12 05 24,vitae.posuere.at@hotmail.ca
Zenaida Nolan,7735,Yogyakarta,07 25 24,tellus.eu@aol.net
Rigel Weber,9226,Palangka Raya,04 02 26,sit.amet@hotmail.couk
Damian Harrington,2212,Banjarmasin,05 07 25,mollis.integer.tincidunt@icloud.ca
Kaye Bryant,2048,Ternate,07 17 24,amet@icloud.couk
Teegan Durham,5091,Mamuju,12 24 25,fusce.mi.lorem@yahoo.org
Mannix Boyd,3133,Ternate,05 30 25,fringilla.cursus@yahoo.net
Lara Walter,5687,Palangka Raya,02 14 25,fusce.mi.lorem@protonmail.net
Knox Wilder,3785,Bitung,08 29 24,luctus.et@protonmail.net
Nina Dawson,2797,Jambi,08 30 24,semper.pretium@icloud.edu
Blake James,6301,Pangkalpinang,08 06 25,nullam.lobortis@yahoo.org
Germane Stout,6617,Sungai Penuh,02 23 25,ornare.lectus.ante@yahoo.edu
Hope Pace,5956,Tanjung Pinang,04 30 25,felis.ullamcorper@google.org
Gary Beard,8256,Ternate,04 27 26,ullamcorper.viverra@icloud.edu
Tatum Dixon,7873,Bukittinggi,09 28 24,suspendisse.non@icloud.com
Clinton Benton,5887,Tanjungbalai,11 01 24,augue.ac@aol.edu
Ella Hampton,6436,Kupang,11 13 25,parturient.montes.nascetur@outlook.com
Lana Knowles,1991,Mamuju,01 18 26,metus.aenean@yahoo.org
Chloe Ratliff,8913,Tidore,08 15 24,neque.venenatis@icloud.org
Amena Kim,1533,Banda Aceh,10 04 24,commodo@outlook.net
Mechelle Alford,5019,Banda Aceh,07 07 24,bibendum.donec@google.org
Rana Conrad,7012,Gorontalo,11 11 24,egestas.aliquam.fringilla@icloud.edu
Kasimir Mccullough,3101,Semarang,06 18 25,eu.lacus@protonmail.couk
Ayanna Cabrera,5463,Depok,12 08 25,sem@outlook.ca
Bruno Torres,1619,Balikpapan,12 30 25,aptent.taciti@google.couk
Otto Duran,8186,Jambi,08 17 25,aliquam.nec@aol.org
Dexter Patrick,8801,Manado,10 12 24,tempus.mauris.erat@yahoo.edu
Jackson Whitley,4862,Sawahlunto,12 14 25,porttitor@protonmail.com
Harding Lane,2837,Kediri,02 17 25,interdum@yahoo.com
Susan Ware,1468,Yogyakarta,07 11 25,mauris.suspendisse.aliquet@google.com
Wilma Shaffer,4971,Pangkalpinang,03 10 25,sem.pellentesque@google.edu
Lucius Stuart,4556,South Jakarta,06 22 25,purus.in@protonmail.couk
Lionel Allen,9403,Mataram,12 04 25,ultrices.iaculis@hotmail.ca
Hamilton Pace,5373,Gorontalo,11 02 25,aliquam.fringilla.cursus@icloud.couk
Abraham Herrera,9226,Kupang,11 11 25,molestie.pharetra.nibh@aol.ca
Lillian Fox,8684,Pangkalpinang,07 28 24,imperdiet@outlook.edu
Avye Nash,9801,Palu,08 09 24,ut@aol.couk
Megan Howard,6436,Yogyakarta,12 02 25,feugiat.placerat@aol.ca
Kimberley Hernandez,6424,Palembang,06 08 26,enim@aol.com
Ralph Casey,8525,Serang,06 26 25,augue.sed@google.ca
Patience Bush,2488,Metro,06 22 25,scelerisque.dui@aol.couk
Brenna Wolf,3869,Bogor,02 03 25,id.erat.etiam@yahoo.net
Clementine Hawkins,6477,Metro,04 18 26,consectetuer.adipiscing.elit@aol.com
Cailin Cain,9565,Palembang,07 31 24,tristique@aol.edu
Yoshi Daniels,3708,Yogyakarta,01 22 25,convallis.dolor.quisque@protonmail.org
Xavier Black,8730,Bitung,02 24 25,placerat.orci@icloud.couk
Rashad Morgan,3063,Palembang,04 14 25,aliquet.odio@outlook.edu
Kamal Macdonald,2674,Mamuju,02 26 26,vel@google.ca
Kyle Meyer,8490,West Jakarta,08 08 24,mauris@hotmail.net
Mollie Hanson,3623,Tanjung Pinang,09 30 25,mauris.ut.mi@protonmail.org
Ocean Fox,4879,Baubau,10 21 25,dignissim.pharetra.nam@yahoo.net
Uriel Macias,7832,Manokwari,06 27 24,et.ipsum.cursus@aol.org
Yasir Roberts,9975,Parepare,06 11 25,lorem.sit@google.couk
Chaney Dudley,1622,Manokwari,05 13 25,aliquam@icloud.net
Roanna Ramos,2563,Pontianak,10 19 24,neque.et.nunc@google.net
Phoebe Franklin,4548,Tidore,02 08 25,tristique.pellentesque@google.couk
Jarrod Ortiz,7361,Ternate,04 07 26,non.ante@outlook.edu
Hyatt Melendez,5463,Jambi,08 07 24,nullam@icloud.net
Gareth Kim,9935,Semarang,01 01 25,mauris.vel@outlook.org
Knox Duke,1800,Palu,07 21 25,aliquam.erat@google.couk
Keely Cleveland,4089,Pangkalpinang,11 09 25,sed.hendrerit.a@aol.couk
Candace Dickerson,2313,Banjarmasin,07 13 24,at.lacus@yahoo.edu
Denise Gross,9935,Pontianak,03 21 25,mi.lacinia@google.edu
Tucker Malone,9294,Parepare,01 12 25,ridiculus.mus.proin@aol.ca
Colt Norman,6440,Mataram,09 13 24,curabitur@icloud.com
Jolie Delaney,8892,Tidore,03 19 26,purus.ac@outlook.org
Callum Callahan,1258,Palangka Raya,10 07 24,pede.praesent@protonmail.org
Charity Wyatt,7311,Serang,10 01 25,mollis.integer.tincidunt@hotmail.ca
Travis Caldwell,3390,Semarang,03 06 25,sed.dolor@aol.net
Jessica Gates,7570,Palu,12 24 24,mi.pede@yahoo.edu
Colton Watson,6984,Binjai,06 12 26,cursus.purus.nullam@google.couk
Anjolie Osborne,2619,Serang,08 12 25,tellus@icloud.org
Justina Mendoza,9459,Pangkalpinang,08 04 24,et.magna.praesent@hotmail.edu
Bernard Pitts,1729,Serang,03 30 26,sit.amet@yahoo.com
Leo Yates,5227,Palu,05 09 26,arcu@google.ca
Sarah Kelly,5294,Tidore,11 19 25,tortor.integer@aol.edu
Fletcher Davis,1954,North Jakarta,06 06 25,maecenas.malesuada.fringilla@icloud.org
Keefe Bruce,2008,Semarang,11 18 24,faucibus.orci.luctus@outlook.ca
Abra Clay,3476,Palembang,06 05 26,nulla@icloud.org
Bert Raymond,8212,Kupang,06 14 26,libero.integer@google.edu
Jenna Ramirez,6081,Manokwari,06 15 26,laoreet.ipsum.curabitur@aol.couk
Kalia Herrera,4043,Kupang,04 11 25,et@outlook.ca
Cedric Floyd,3642,Tarakan,10 25 24,enim.mauris@aol.net
Hop Wall,3888,Palopo,02 14 25,et.lacinia.vitae@hotmail.net
Winter Bridges,3929,Tarakan,09 08 24,vulputate@icloud.org
Rashad Cole,1567,Pekanbaru,04 22 25,fringilla.purus@icloud.edu
Hope Blackwell,8994,Solok,12 13 25,nam@icloud.couk
Joshua Benjamin,5506,Tanjung Pinang,10 20 25,augue@outlook.org
Thaddeus Finley,2829,Tual,08 22 24,urna.et.arcu@google.edu
Castor Gomez,2008,Balikpapan,02 22 26,blandit@aol.org
Damon Petersen,1508,Bandar Lampung,04 26 25,ornare.egestas@aol.net
Nathan Mccarthy,5476,Gorontalo,03 08 26,vehicula.aliquet@protonmail.edu
Nigel Schneider,8735,Kupang,06 15 25,egestas.blandit@yahoo.edu
Belle Blanchard,6453,Yogyakarta,09 19 25,vel.mauris@icloud.org
Amanda Perez,4195,Sukabumi,08 14 24,sodales.at.velit@icloud.edu
Aquila Wyatt,2204,Singkawang,09 03 24,urna@protonmail.org
Lynn Snow,3305,Pangkalpinang,11 01 24,fringilla.est@hotmail.org
Colin Hubbard,6099,Tarakan,01 27 26,euismod.ac.fermentum@outlook.net
Delilah Murphy,7946,Jayapura,02 19 25,eu.nulla.at@outlook.couk
Devin Cochran,7443,Bima,11 14 25,ligula@aol.org
Isabella Middleton,4877,Bandar Lampung,07 06 25,auctor.ullamcorper@aol.net
May Sweet,4469,Mamuju,01 29 26,aliquet@google.net
Zachery Hahn,3887,Manokwari,02 23 26,hendrerit.neque.in@outlook.net
Courtney Hardy,2432,Tanjung Pinang,11 12 25,curabitur.massa@aol.ca
Hedda Mccall,5371,Sukabumi,06 27 25,facilisis.magna.tellus@protonmail.org
Brian Merrill,7085,Yogyakarta,10 30 24,placerat.velit.quisque@google.net
Felix Tanner,6139,Manokwari,03 14 25,pharetra.felis@hotmail.net
Abigail Gates,4192,Sungai Penuh,07 26 24,et@protonmail.edu
Mariam Harrison,7571,Palangka Raya,11 03 24,nec@hotmail.ca
Carl Rodriquez,8233,Cirebon,06 14 25,ultrices.iaculis@hotmail.com
Nash Hogan,4164,Tanjung Pinang,11 05 24,tristique.pharetra.quisque@protonmail.org
Bell Carson,8774,Pangkalpinang,07 16 25,odio@protonmail.org
Courtney Hatfield,2415,Palopo,04 18 25,taciti.sociosqu.ad@protonmail.couk
Brennan Macdonald,4898,Banda Aceh,06 28 24,vel.mauris.integer@google.org
Cora Craig,1995,Yogyakarta,10 12 24,est.nunc.ullamcorper@outlook.org
Jacqueline Lambert,5396,Tebing Tinggi,09 04 24,porttitor.scelerisque@hotmail.org
Delilah Kemp,3567,Semarang,05 08 26,orci.tincidunt.adipiscing@yahoo.org
Ivan Best,5877,Bengkulu,01 24 26,auctor.velit@icloud.com
Zahir Webster,5034,Manokwari,01 27 25,placerat.velit.quisque@google.org
Britanney Hood,8907,Pangkalpinang,05 03 25,ante.ipsum.primis@outlook.couk
Erich Schmidt,2319,Serang,04 15 25,lorem.luctus@yahoo.ca
Preston Sanford,4608,Jayapura,09 23 25,magnis.dis@hotmail.com
Kylynn Patterson,4448,Pangkalpinang,03 11 26,sit.amet.luctus@google.ca
Cullen Cantu,3278,Metro,06 18 26,lobortis.augue.scelerisque@icloud.edu
Hilel Garza,9856,Palu,02 18 26,erat.in@protonmail.couk
Byron Bruce,7301,Makassar,02 20 25,eget.ipsum.donec@aol.couk
Lars Hurst,1658,Mamuju,12 21 24,ipsum.dolor@protonmail.com
Laurel Hyde,7886,Mamuju,10 20 25,habitant.morbi.tristique@google.couk
George Clayton,2800,Manokwari,12 18 25,sagittis.felis.donec@hotmail.ca
Price Ashley,9891,Tarakan,05 15 26,risus.at@outlook.ca
Colin Cross,6975,Mojokerto,01 16 26,massa.mauris@icloud.net
Reagan Crawford,2639,Jambi,12 28 25,egestas.urna.justo@outlook.net
Brett Bowers,2026,Singkawang,05 04 25,risus.morbi@outlook.edu
Penelope Short,6095,Mamuju,10 02 25,magna.a@protonmail.org
Sebastian Morton,3771,Kendari,09 06 25,adipiscing.elit@yahoo.ca
Tashya Stewart,6130,Palu,01 14 25,proin.nisl@aol.couk
Nerea Guerrero,7903,Gorontalo,05 18 26,quis.pede.praesent@google.org
Brianna Evans,4714,Parepare,07 07 24,tellus@hotmail.edu
Curran Cain,2046,Manokwari,01 01 26,elit.aliquam@aol.com
Ina Roach,2667,Bima,02 10 26,senectus@icloud.com
Shelley Cabrera,1234,Pekanbaru,08 10 25,curabitur.massa@yahoo.org
Beau George,1405,Tual,11 11 24,etiam@outlook.net
Prescott Rutledge,3566,Mataram,11 28 24,purus.duis@icloud.org
Leo Foster,9136,Samarinda,11 09 25,erat@hotmail.edu
Jack Cardenas,3484,Banjarbaru,11 19 24,volutpat.nunc.sit@hotmail.org
Stephanie Gould,6243,Tidore,08 03 25,aliquam.eros@outlook.couk
Dolan Kline,4348,Serang,03 28 26,eu.erat.semper@yahoo.edu
Judith Conley,7333,Jayapura,10 01 25,tincidunt@hotmail.edu
Ariana Workman,2884,Serang,05 28 26,eget.volutpat@yahoo.com
Lavinia Price,2897,Samarinda,07 17 25,tellus.phasellus@protonmail.ca
Yoko Cox,7997,Gorontalo,05 07 25,vulputate.lacus.cras@aol.net
Tamara Montoya,2573,Serang,12 25 24,mus.donec.dignissim@google.ca
Lance Jefferson,5287,Palu,04 20 26,sodales.nisi.magna@icloud.net
Clark Duke,7827,Tomohon,07 19 24,bibendum.fermentum@google.net
Bevis Pacheco,6969,Singkawang,01 06 25,dolor.sit@google.net
Barry Martinez,3603,Yogyakarta,05 21 25,vel.venenatis.vel@outlook.com
Louis Castillo,7070,Tual,12 28 25,lacus.nulla@yahoo.edu
Kay Bates,9547,Sawahlunto,02 13 26,velit.dui@aol.org
Camden Waters,5182,Tomohon,11 22 24,eu.eros@google.com
Mollie Fitzgerald,4439,Parepare,09 01 24,pellentesque.sed@google.com
Quin Ellison,4461,Solok,04 19 26,elit.elit@outlook.com
Scarlett Fuentes,3943,Sukabumi,03 20 25,eros.nam.consequat@hotmail.net
Leigh Mack,7224,Metro,06 14 25,sapien.gravida@yahoo.couk
Holmes Dennis,8391,West Jakarta,05 04 25,eu@hotmail.net
Cleo Sosa,5126,East Jakarta,05 08 25,quam.pellentesque.habitant@hotmail.org
Denton Mckenzie,7149,Semarang,12 07 24,imperdiet.non.vestibulum@hotmail.couk
Barrett Christensen,8036,Kendari,09 14 25,est.mauris.eu@protonmail.org
Xena Miller,9671,Baubau,02 15 26,metus.in@aol.com
Ira Melton,7470,Kendari,04 19 26,urna.et@icloud.ca
Carol Byers,7259,Banda Aceh,03 24 25,nascetur.ridiculus@hotmail.net
Wyoming Thomas,5971,Bima,05 17 25,parturient.montes@outlook.org
Shelley Tran,1905,Banda Aceh,10 18 25,cum.sociis@yahoo.net
Garrison Patterson,1655,Jambi,09 15 25,consectetuer.rhoncus@google.com
Baxter Savage,6680,Padang,08 27 24,in.magna.phasellus@hotmail.com
Giselle Rush,8735,Denpasar,09 08 25,justo.nec@yahoo.net
Emma Fox,2142,Yogyakarta,09 03 24,commodo@icloud.com
Eric Ewing,9366,Padang Panjang,07 10 24,lorem.eu@hotmail.edu
Arsenio Schroeder,5185,Bukittinggi,08 24 25,iaculis@aol.ca
Craig Mcintosh,5585,Bontang,11 28 25,netus@yahoo.ca
Macy Morrow,7789,Tidore,01 16 26,adipiscing.elit@outlook.couk
Alexandra Waters,4470,Tomohon,03 19 26,erat.eget.tincidunt@protonmail.ca
Fuller Olsen,5810,Banjarmasin,02 22 26,porttitor.tellus@yahoo.ca
Rhona Williamson,9123,Samarinda,04 01 26,vitae@yahoo.couk
Tate Mason,6498,Pangkalpinang,07 18 24,tellus@aol.org
Philip Sheppard,8141,Serang,07 23 25,eu@hotmail.com
Ann Blackwell,7426,Bandar Lampung,10 23 24,sociosqu.ad.litora@aol.edu
Halla Parks,7132,Kendari,01 06 26,integer.vitae.nibh@google.ca
Ahmed Rivera,2248,Manokwari,09 28 24,diam.at.pretium@google.couk
Madeline Henry,7418,Tanjung Pinang,07 13 25,ut@aol.org
William Tate,3065,Banjarmasin,11 08 25,aenean.euismod.mauris@icloud.com
Mohammad Morin,8490,Tanjung Pinang,06 02 25,ipsum.porta.elit@yahoo.couk
Clarke Cooke,2233,Banda Aceh,11 03 24,orci@outlook.edu
Hamish Conrad,2628,Pekanbaru,11 22 24,amet.ultricies@google.com
Brooke Frost,9545,Mamuju,12 13 25,imperdiet.ornare@icloud.net
Ira Olsen,7321,Manokwari,01 16 26,proin.mi@outlook.net
Fuller Boyle,1433,Palopo,07 02 25,arcu@yahoo.ca
Odette Fowler,7095,Tual,07 18 24,ante.blandit.viverra@protonmail.ca
Jorden Wise,8067,Bandar Lampung,01 08 25,porttitor.vulputate@icloud.com
Tara Mcconnell,4020,Kupang,04 04 26,lorem@icloud.ca
Elliott Boone,8378,Tarakan,01 28 25,libero.nec@hotmail.net
Belle Maxwell,1227,Jambi,09 04 24,ornare.placerat@hotmail.edu
Eagan Trevino,1112,Kotamobagu,04 18 25,in.molestie.tortor@yahoo.com
Carolyn Kirk,7927,Palu,08 26 24,nec.ligula@outlook.ca
Jennifer Mckay,8116,Jambi,08 29 24,lacus.aliquam@icloud.couk
Dominique Clayton,8590,Jayapura,08 16 24,vivamus.sit@outlook.com
Wade Hull,7769,Yogyakarta,06 20 25,vestibulum.accumsan@outlook.edu
Gretchen Middleton,6587,Tanjung Pinang,06 06 25,risus@icloud.net
Anjolie Stanton,8776,Banjarbaru,08 29 25,mi.duis.risus@protonmail.org
Marny Schwartz,9276,Singkawang,11 28 25,consequat.auctor.nunc@yahoo.edu
Ferris Solomon,6849,Tarakan,04 06 25,facilisis.facilisis@outlook.couk
Knox Lester,4402,Pangkalpinang,10 15 25,quam.quis@google.org
Rudyard Rowland,9673,Pangkalpinang,07 07 24,duis@yahoo.couk
Jeanette Frazier,9868,Pekanbaru,05 13 25,et.lacinia.vitae@protonmail.org
Todd Moody,9629,Bontang,05 25 25,a@aol.edu
Zephr Hebert,5356,Banda Aceh,11 13 24,magna.ut@protonmail.net
Kareem Gibson,7317,Bandar Lampung,10 10 24,morbi.quis@icloud.com
Hedda Pace,8976,Bima,07 31 24,nibh.donec@aol.ca
Laura Buckley,1818,Kupang,02 17 25,amet.metus@yahoo.com
Kylan Riddle,7122,Banda Aceh,06 08 25,lacus.vestibulum@protonmail.couk
Grace Powell,4337,Denpasar,07 18 24,nunc.sollicitudin.commodo@outlook.org
Medge Henson,6929,Manokwari,05 28 25,mauris.eu@google.edu
Jason Bray,5995,Serang,10 18 24,eleifend.nunc@protonmail.net
Branden Wiley,5222,Ambon,09 23 24,nonummy.ipsum.non@icloud.net
Jenette Velasquez,4020,Pontianak,01 13 25,risus@aol.net
Jessica Lowe,2662,Mamuju,10 07 24,primis.in.faucibus@protonmail.com
Ivory Lara,2531,Mamuju,05 22 25,diam.pellentesque@protonmail.com
Rajah Frye,7864,Mataram,05 16 25,eu.eros@icloud.com
Tara Terrell,5802,Banjarbaru,03 01 25,neque.sed.dictum@google.org
Kenneth Odom,4903,Palopo,01 24 25,turpis@hotmail.org
Ingrid Buckner,9905,Kendari,06 20 26,lobortis.quis.pede@outlook.org
Marvin Williamson,3297,Manokwari,02 04 25,mus.aenean@aol.com
Flavia Higgins,1924,Manokwari,10 20 24,et.netus@google.ca
Hiroko Sherman,4988,Manokwari,09 21 25,nibh@aol.edu
Nero Ramsey,5292,Denpasar,03 06 25,adipiscing@outlook.org
Emmanuel Bird,5173,Denpasar,08 19 25,blandit.mattis@aol.ca
Preston Cote,9523,Banda Aceh,07 01 25,arcu@hotmail.edu
Amir Montgomery,4276,Tanjung Pinang,02 18 26,tellus.lorem.eu@hotmail.com
Yolanda Talley,9607,Palu,08 16 24,fusce.diam@icloud.org
Olivia Carney,2347,Palembang,12 31 24,fringilla@icloud.edu
Signe Kaufman,9951,Baubau,04 24 26,libero.morbi.accumsan@icloud.couk
Cooper Garrison,9290,Tomohon,01 15 26,lectus.sit@icloud.org
Elliott Wyatt,5014,Bandar Lampung,02 13 25,id.libero.donec@protonmail.edu
Tanya Mathis,6250,Samarinda,03 03 25,amet@yahoo.couk
Lance Baxter,1696,Tidore,03 16 25,facilisis@google.org
Thomas Hart,2669,Kendari,09 29 24,fermentum.arcu@outlook.ca
Charles Haynes,8166,Bontang,06 19 25,purus@outlook.org
Miriam Lee,7019,Palu,03 29 25,ullamcorper.magna@aol.couk
Cadman Mckee,6380,Malang,04 05 25,aliquet.molestie.tellus@protonmail.couk
Regan Peterson,7287,Denpasar,11 01 24,sit.amet@protonmail.net
Cameron Riddle,7702,Kotamobagu,11 20 24,eu.odio@icloud.org
Justin Wilder,4743,West Jakarta,12 01 24,nullam.lobortis@outlook.com
Hermione Savage,2552,Makassar,08 03 24,aliquet.nec@hotmail.org
Steven Pennington,5359,Denpasar,03 02 26,eu@aol.ca
Galvin Best,5054,Palembang,06 23 26,sed.facilisis@hotmail.ca
Gil Fernandez,2139,Palembang,06 20 26,adipiscing.mauris@yahoo.net
Sacha Petersen,8441,Binjai,03 04 26,ligula.aenean.euismod@google.org
Oliver Mcleod,5816,Kupang,11 23 25,phasellus.dapibus@aol.ca
Philip House,2045,Bandar Lampung,08 05 24,blandit.at@google.ca
Dennis Bruce,6788,Padang Sidempuan,06 30 24,facilisis.eget@outlook.net
Quemby Wise,3035,Semarang,12 15 25,euismod.et.commodo@hotmail.couk
Keith Robertson,9031,Bogor,05 17 25,cras.convallis@hotmail.edu
Hayley Mcintosh,7324,Pasuruan,01 07 25,arcu.vestibulum@protonmail.net
Rebekah Bowman,3616,Malang,04 22 26,vehicula.pellentesque@outlook.edu
Illana Everett,9492,Gorontalo,08 25 24,nulla.semper.tellus@icloud.org
Brendan Christensen,7643,Manokwari,07 06 25,etiam.imperdiet.dictum@outlook.couk
May Powers,2308,Pekanbaru,01 26 26,orci@protonmail.edu
Zia Wheeler,9666,Cimahi,02 27 25,suscipit.nonummy.fusce@hotmail.edu
Danielle Vance,3472,Banjarmasin,09 01 24,ut.nisi@google.ca
Keiko Medina,2758,Palu,01 31 26,diam.nunc.ullamcorper@aol.ca
Lamar Rogers,5218,Bengkulu,12 17 24,pede.nunc@outlook.ca
Laurel Landry,7334,Mataram,07 01 24,molestie.tortor@yahoo.couk
Vanna Vinson,7011,Palu,10 11 25,suspendisse.eleifend.cras@google.edu
Britanni Castillo,3322,Gorontalo,10 01 25,metus.in.nec@icloud.com
Velma Zamora,1720,Tual,11 18 25,egestas.rhoncus@aol.org
Tate Rasmussen,5927,Bukittinggi,10 22 25,aliquet.vel@protonmail.org
Jonas Pena,6932,West Jakarta,12 28 24,semper@aol.net
Cheryl Donovan,2854,Tarakan,11 09 24,posuere@icloud.org
Latifah Alexander,8253,Makassar,10 06 25,parturient.montes@protonmail.org
Noel Lara,5462,Palopo,04 23 26,congue.elit@outlook.com
Oliver Cummings,2964,Singkawang,02 24 26,lacus.pede@aol.net
Isadora Pollard,8309,Padang Sidempuan,05 15 25,arcu.et@hotmail.net
MacKenzie Delaney,1163,Banda Aceh,06 13 25,nullam.velit@icloud.edu
Candice Caldwell,1409,Pangkalpinang,06 26 25,sociosqu@hotmail.org
Madaline Huber,4965,Semarang,03 08 25,ipsum.donec.sollicitudin@google.net
Evan Graves,1591,Tual,06 22 25,lacinia.at.iaculis@yahoo.net
Tanisha Finch,2885,Jayapura,02 20 26,eu.nibh.vulputate@outlook.couk
Lacey Spears,5404,Baubau,03 02 26,iaculis@icloud.couk
Alexandra Wise,5691,Surabaya,12 09 24,tellus.faucibus@protonmail.com
Jenette Manning,6502,Palu,06 06 26,sapien@outlook.couk
Hyatt Patrick,3532,Manokwari,12 26 25,dolor.dolor@aol.com
Grant Decker,6998,Semarang,02 03 25,mauris@icloud.couk
Guy Webb,7785,Ternate,10 14 25,fames.ac.turpis@google.net
Kim Wagner,3289,Kendari,04 06 25,tellus.faucibus@outlook.ca
Oprah Lambert,3710,Serang,01 23 26,semper@hotmail.edu
Shelley Pierce,8845,Serang,04 19 26,ultrices@aol.org
Risa Wolf,3200,Palembang,10 17 24,arcu.vivamus.sit@outlook.ca
Flynn Schwartz,3017,Jayapura,08 30 25,a@protonmail.org
Burke Spencer,1224,Gorontalo,10 14 25,orci.consectetuer@yahoo.com
Ignacia Estes,7872,Mataram,02 02 26,ultricies.ligula.nullam@hotmail.net
Anika Sheppard,1259,Bengkulu,06 03 26,libero.at@aol.edu
Linus Carter,1750,Kendari,01 15 26,malesuada.augue@icloud.edu
Adria Adkins,8207,Bengkulu,06 29 24,scelerisque.neque@hotmail.edu
Reece Wong,7944,Kendari,03 14 25,ligula.tortor@protonmail.edu
Brandon Rivera,5086,Binjai,09 09 25,phasellus.at.augue@google.ca
Brady Juarez,4130,Bontang,08 18 24,laoreet.libero@outlook.couk
Drake Puckett,6242,Pangkalpinang,06 29 24,tristique.senectus@icloud.couk
Blossom West,8033,Tasikmalaya,09 20 24,lacus.quisque@outlook.net
Seth Caldwell,8375,Kupang,10 16 24,a.arcu@outlook.couk
Kirby Quinn,3506,Gorontalo,06 30 25,tempor@google.ca
Alvin Clements,1738,Mamuju,04 05 26,aliquam.auctor@outlook.com
Hiroko Espinoza,1679,Serang,05 26 25,mauris@protonmail.org
Hector Kelley,5399,Semarang,03 28 25,lorem.semper@protonmail.edu
Timon Sanders,9138,Banda Aceh,06 09 25,nisl.quisque.fringilla@icloud.ca
Benedict Powers,5116,Tasikmalaya,09 05 25,tellus.id@aol.edu
Sonya Mcclure,4039,Kupang,01 26 25,ut@aol.edu
Carlos Lucas,6699,Makassar,10 05 25,neque@protonmail.com
Tanner Noel,9424,Yogyakarta,02 20 25,est.tempor@icloud.net
Whoopi Delacruz,2261,Mojokerto,11 10 24,mollis.integer@protonmail.org
Farrah Lawson,1453,Manokwari,06 19 26,turpis.non@aol.net
Brenden Anthony,2866,Pekanbaru,01 02 25,consequat.nec@protonmail.net
Kibo Rodriguez,8385,Semarang,07 27 25,lacinia.orci.consectetuer@hotmail.couk
Petra Haley,3078,Tebing Tinggi,11 14 25,dapibus.rutrum@outlook.net
Karleigh Roberson,4976,Padang Sidempuan,06 24 25,elit.elit@icloud.com
Nigel Higgins,6506,Pekanbaru,11 27 25,at@icloud.net
Justina Frazier,9355,Banda Aceh,05 25 25,cras.dolor@icloud.net
Samson Mercado,5913,Pangkalpinang,05 22 26,pede.cras@yahoo.com
Hayley Walker,1725,Banjarmasin,05 23 26,turpis.nec@icloud.org
Erasmus Hancock,6433,West Jakarta,11 15 24,tincidunt@google.edu
Reece Salas,5076,Sungai Penuh,11 01 24,sapien.cursus@protonmail.com
Hedley Ramirez,5239,Bogor,07 25 25,suscipit.est.ac@hotmail.couk
Nina Nicholson,3953,Mataram,02 13 26,dignissim.tempor@protonmail.edu
Belle Lindsay,9859,Probolinggo,10 02 25,nisl.elementum@protonmail.com
Coby Woods,3480,Singkawang,04 06 25,sagittis.augue@aol.couk
Brooke Daniels,1629,North Jakarta,04 29 26,dui.semper@hotmail.com
Hanna Mcclain,3899,Kupang,06 06 26,sem.ut@google.ca
Germaine Wheeler,8171,Tual,08 25 25,elementum.sem@icloud.ca
Jayme Edwards,1863,Palu,05 27 25,fermentum.metus.aenean@outlook.couk
Gannon Compton,8264,Bima,01 01 25,orci.luctus.et@google.ca
Brett David,1426,Banjarbaru,05 10 25,metus.vivamus@google.ca
Richard Dyer,9024,Tarakan,01 01 25,nam.ligula@google.ca
Angela Rasmussen,8011,Bengkulu,07 27 24,mus.aenean@hotmail.net
Brendan Munoz,7532,Jambi,05 08 26,suspendisse.aliquet.molestie@hotmail.net
Xandra Odom,9861,Yogyakarta,12 29 25,dictum.magna@outlook.couk
Adele Harris,9843,Tanjung Pinang,02 10 25,phasellus.vitae@yahoo.couk
Amethyst Nieves,8185,Palembang,05 16 25,proin.non@outlook.net
Ingrid Griffith,3725,Mamuju,09 26 25,nisi.magna@yahoo.edu
Ashton Workman,8140,Gorontalo,05 12 26,porttitor.vulputate@protonmail.org
Cara Mclaughlin,7507,Pasuruan,01 14 26,vitae@yahoo.couk
Dominic Simmons,3988,Tarakan,09 01 25,sagittis@outlook.net
Quamar Dixon,3657,Jambi,03 15 26,urna@icloud.org
Savannah Robbins,4865,Ternate,01 10 26,praesent.luctus@yahoo.com
Reagan Sherman,6023,Ambon,10 07 24,amet.massa@hotmail.org
Sylvester Castaneda,6849,Bukittinggi,05 27 26,cursus@google.edu
Karyn Dennis,7355,Ternate,12 28 25,penatibus.et@hotmail.couk
Driscoll Robertson,6393,Serang,08 16 24,eu@icloud.couk
Jescie Baird,8092,Sungai Penuh,12 06 24,a.nunc@protonmail.ca
Chaney Perkins,9541,Gorontalo,02 28 26,ultricies@outlook.edu
MacKenzie Powell,2210,Bengkulu,11 29 24,auctor@icloud.net
Mary Harrington,8981,Tanjung Pinang,11 20 24,non.hendrerit.id@outlook.couk
Lacy Stevenson,2676,Pontianak,10 02 25,dictum.augue@aol.net
Hyatt Bradley,7022,Jayapura,01 04 26,nibh.donec@icloud.couk
Macaulay Kirk,9650,Gunungsitoli,04 01 25,phasellus.dolor@google.org
Drake Franco,3919,Bogor,10 21 25,eget.magna@hotmail.ca
Leah Gilbert,4796,Tebing Tinggi,11 09 25,lobortis.mauris@hotmail.ca
Nicholas Henderson,2194,Bandar Lampung,11 16 24,risus.donec@hotmail.org
Maya Gonzalez,9791,Banjarmasin,04 01 26,hymenaeos.mauris@outlook.couk
Nell Joyce,6308,Gorontalo,09 25 24,nunc.ut@aol.edu
Hyatt Haley,9429,Kendari,04 03 25,diam@outlook.org
Alexis Rodriquez,1470,Palopo,10 25 24,augue.scelerisque.mollis@yahoo.couk
Paula Newman,4787,Baubau,08 16 25,dictum@protonmail.org
Buckminster Osborn,5842,Bengkulu,03 06 25,praesent.interdum@hotmail.net
Chancellor Rowland,4873,Tanjung Pinang,12 02 24,accumsan.neque.et@protonmail.ca
Mark Hogan,1615,Mataram,12 28 24,magna.sed.dui@yahoo.couk
Hedley Pacheco,1230,Banda Aceh,05 27 25,vel.nisl@icloud.org
Amos Carr,4535,East Jakarta,09 07 24,libero.est@outlook.ca
Erin Duran,9750,Dumai,01 31 26,neque.morbi@google.edu
Maris Norris,8065,Manokwari,05 16 26,risus.morbi@outlook.net
Melvin Whitaker,4949,Metro,07 10 25,fermentum.fermentum@hotmail.edu
Jennifer Witt,3997,Mamuju,03 30 26,erat.vitae.risus@outlook.com
Ayanna Benjamin,6898,Mamuju,06 22 26,porttitor.vulputate@yahoo.couk
Hedy Webb,5658,Bengkulu,07 01 24,rutrum.justo@outlook.com
Magee Lloyd,3168,Tarakan,06 11 26,eget.ipsum.donec@google.couk
Matthew Mcclure,3514,Pontianak,07 23 25,consequat.dolor@outlook.org
Lesley Ratliff,6068,Banda Aceh,05 30 25,lacus.etiam@google.org
Quinn Fowler,9298,Semarang,05 12 26,arcu.et@yahoo.edu
Deacon Lindsay,5180,Jayapura,06 16 25,adipiscing.mauris@protonmail.ca
Yvonne Harding,5995,Mamuju,12 17 25,lectus@outlook.org
Simon Buckley,2106,Ambon,08 27 24,justo@outlook.net
Solomon Jordan,2410,Metro,04 11 25,mus.donec@icloud.ca
Neville Sharp,4475,Bima,08 17 24,ante.ipsum.primis@aol.edu
Thomas Skinner,6449,Jambi,10 16 24,eu.augue.porttitor@hotmail.net
Fletcher Robles,2980,Yogyakarta,01 11 25,sapien@yahoo.ca
Addison Odom,3199,Tomohon,12 10 24,orci.quis.lectus@icloud.ca
Rinah Paul,2975,Jayapura,07 29 24,ante.ipsum@outlook.com
Asher Benton,7991,Palembang,06 01 26,sit.amet.consectetuer@google.ca
Brittany Bauer,9809,Semarang,05 04 26,lorem.sit@protonmail.couk
Bevis Cole,2077,Pematangsiantar,04 20 26,libero.est.congue@icloud.net
Kadeem Tran,4508,Yogyakarta,01 24 26,ultrices.a@google.com
Ruby Cook,7173,Pangkalpinang,07 01 25,auctor.ullamcorper@yahoo.net
Tobias Harrell,3049,Mamuju,09 11 25,pretium.et.rutrum@protonmail.net
Xander Kemp,9941,Mamuju,03 01 26,neque.vitae@google.ca
Karleigh Morrow,3192,Palu,02 21 26,convallis.convallis@yahoo.net
Seth Edwards,7434,Tanjung Pinang,01 18 26,odio.auctor.vitae@yahoo.com
Carson Mullen,1707,Semarang,05 21 26,rutrum.eu@outlook.ca
Clio Burt,2099,Banda Aceh,09 23 24,ante.blandit@protonmail.org
Ifeoma Young,1294,Kupang,04 10 26,in.condimentum.donec@outlook.net
Henry Taylor,8380,Denpasar,12 07 24,sit@aol.com
Eric Higgins,3437,Kupang,02 16 25,sed.nunc@icloud.couk
Caesar Battle,3795,Palembang,03 07 25,erat.volutpat@hotmail.com
Clinton Espinoza,1681,Jayapura,07 16 24,malesuada@icloud.net
Olivia Donovan,7073,West Jakarta,09 09 25,erat@google.net
Zachary Christian,1568,Bima,03 06 26,et@outlook.edu
Aristotle Herman,1226,Pontianak,05 15 26,in@hotmail.ca
Katell Fletcher,1459,Jayapura,05 14 26,nec.ligula.consectetuer@icloud.com
Wayne Chapman,5256,Kotamobagu,09 09 24,placerat@aol.edu
Jayme Gregory,9088,Tual,12 04 24,fusce.aliquam.enim@yahoo.edu
Holmes Dillon,3068,Semarang,05 31 25,in.at@yahoo.couk
Jerry Harper,4395,Palembang,05 26 26,accumsan.interdum.libero@outlook.ca
Amelia Morin,9335,Singkawang,10 19 24,adipiscing.elit@outlook.org
Jerome Baker,4005,Serang,10 10 25,mollis.dui.in@protonmail.net
Mallory Vang,6236,Banjarmasin,11 13 24,lorem.ipsum@google.ca
Blythe Crosby,2871,Mamuju,05 12 25,ut.aliquam@icloud.couk
Lucy Dillard,9799,Denpasar,08 13 25,nunc.quisque@yahoo.ca
Tashya Estes,9508,Ambon,01 30 25,tempor.bibendum@protonmail.org
Nelle Franco,7783,Manokwari,03 30 26,ac.risus@google.org
Debra Beck,3253,Banda Aceh,09 07 25,bibendum.ullamcorper@google.org
Chanda Farrell,6950,Bengkulu,07 24 25,purus@aol.ca
Preston Durham,4399,Pangkalpinang,07 15 24,eleifend@google.edu
Michael Blackburn,8905,Serang,10 27 25,elementum.at@aol.net
Chadwick Ingram,7994,Tomohon,10 08 25,ullamcorper@yahoo.org
Kai Estes,2118,Metro,02 04 25,arcu.sed@aol.edu
Kato Gentry,3425,Serang,09 09 24,a.arcu@google.edu
Neve Mcgee,3511,Banjarmasin,03 11 26,ridiculus@aol.org
Alexis Caldwell,1566,Gorontalo,03 22 26,odio.vel@outlook.com
Raphael Arnold,6477,Pasuruan,04 20 26,dictum@hotmail.org
Benedict Grimes,4640,Banjarmasin,05 03 26,a.neque@outlook.edu
Adele Morales,8218,Gorontalo,02 08 26,tellus.id@protonmail.couk
Akeem Patel,1680,Banda Aceh,08 06 25,quis.massa@icloud.com
Garrett Nelson,2146,Bukittinggi,02 26 26,donec.felis.orci@aol.ca
Orli Beasley,1195,Bandung,03 31 26,amet.lorem.semper@protonmail.net
Wyoming Howard,3902,Serang,07 25 25,curabitur.ut.odio@hotmail.net
Jamal Sanford,1779,Manado,12 28 25,gravida@outlook.org
Jennifer Neal,1495,Padang Sidempuan,09 10 24,magna.nec.quam@protonmail.ca
Ivana Kent,9704,Kotamobagu,08 15 24,vel.est@yahoo.couk
Catherine Carney,6748,Manado,12 13 25,nibh.enim@icloud.edu
Margaret Lindsey,4738,Jayapura,07 06 25,sit.amet@google.ca
Kevin Hawkins,1267,Tidore,03 03 26,sit@outlook.org
Castor Cervantes,2706,Pariaman,03 26 25,libero.lacus@hotmail.org
Oprah Burns,3230,Bandar Lampung,12 28 24,lectus.nullam.suscipit@outlook.ca
Nolan Love,8017,Tanjung Pinang,06 11 26,ut.nisi@protonmail.ca
Sasha Clayton,6967,Banjarmasin,12 28 24,duis@protonmail.com
Bradley Stephens,1785,Bengkulu,11 08 24,donec@hotmail.edu
Xandra Bridges,2748,Palu,03 26 25,felis.eget@protonmail.net
Hollee Faulkner,9981,Ambon,07 15 25,maecenas.malesuada@icloud.com
Thor Booker,5107,Kendari,07 26 25,nunc.ac@google.couk
Kyra Le,5038,Denpasar,08 20 25,aliquam.fringilla.cursus@google.net
Freya Finch,2856,Tidore,04 25 26,augue.malesuada.malesuada@hotmail.net
Armando Alexander,6361,Manokwari,02 14 25,phasellus.libero@google.org
Lucy Chandler,6582,Manokwari,03 21 25,aliquam.auctor@google.couk
Ciaran Shelton,4605,Gorontalo,07 07 24,sed.hendrerit.a@yahoo.edu
Colette Meadows,5335,Tarakan,05 11 26,sit.amet@outlook.ca
Chantale Wallace,2971,Mamuju,09 23 24,justo.nec@aol.com
Sophia Shannon,3363,Banda Aceh,03 07 26,eget.magna@aol.com
Hanna Berg,7756,Kendari,06 14 26,feugiat.metus.sit@outlook.couk
Hilel Joseph,1255,Tual,06 30 24,ultrices.posuere.cubilia@hotmail.com
Shelby Kelly,9024,Denpasar,10 10 24,elit.curabitur@yahoo.edu
Blythe Moran,7194,Gorontalo,10 02 25,odio.phasellus@icloud.net
Hayes Woods,5266,Pangkalpinang,12 09 24,suspendisse.eleifend@outlook.ca
Aladdin Chambers,9463,Metro,09 22 25,consectetuer.adipiscing@aol.couk
Ebony Mooney,7673,Surabaya,06 19 26,fermentum.convallis@icloud.ca
Shannon Pickett,6485,Makassar,12 20 25,curabitur.dictum@aol.edu
Amos Pope,1525,Pekanbaru,12 07 24,convallis@icloud.ca
Theodore Cantu,3076,Banda Aceh,06 30 25,ut.sagittis@icloud.org
Lila Morton,2275,Tasikmalaya,10 31 24,erat.semper.rutrum@yahoo.edu
Sacha Hart,6578,Baubau,01 30 25,nulla.magna@icloud.ca
Justin Strickland,5742,Serang,10 26 24,interdum.ligula@aol.couk
Clio Gay,5986,Medan,05 21 26,ultricies.ornare@aol.ca
Elmo Holloway,3395,Metro,12 01 24,eget.nisi@aol.org
Adrienne Carlson,4629,Bontang,04 09 26,ultrices.duis.volutpat@icloud.org
Peter Trujillo,6073,Pekanbaru,09 11 24,nulla@google.org
Logan Mcbride,5605,Palembang,07 31 24,bibendum@outlook.couk
Finn Fernandez,9904,Tarakan,12 24 24,ante.ipsum.primis@outlook.ca
Vernon Robertson,3204,Pematangsiantar,01 22 25,magna.cras@outlook.couk
Cruz Boyer,8426,Palopo,09 16 24,purus@google.org
Craig Savage,9331,Bontang,12 11 24,cras.vulputate@yahoo.couk
McKenzie Ford,1401,Ambon,11 13 25,adipiscing.elit@aol.couk
Abigail Riggs,4209,Semarang,11 02 24,et.rutrum@aol.net
Baxter Dalton,3547,Manado,02 04 25,ornare.elit@hotmail.net
Olga Wilkinson,2536,Banjarbaru,08 05 25,lobortis.mauris.suspendisse@icloud.org
Gretchen Chambers,1928,Pontianak,08 14 25,tristique.neque@icloud.edu
Alan Clark,5858,Yogyakarta,01 21 25,aenean.massa.integer@icloud.ca
Nehru Wood,8948,Mamuju,10 16 25,nunc@aol.org
Jack Frederick,8827,Banda Aceh,03 26 25,tempus.non@yahoo.couk
Shafira Lancaster,7648,Sibolga,10 26 24,ligula.aenean@yahoo.couk
Catherine Velasquez,6680,Jakarta,05 16 26,eget@icloud.org
Keegan Cross,4329,West Jakarta,10 19 25,duis.mi.enim@icloud.edu
Adena Fox,2078,Palopo,11 26 24,cursus.et@yahoo.couk
Alma Bolton,8208,Denpasar,02 24 26,nunc.ut@google.net
Hayes Myers,4591,Jakarta,05 06 26,iaculis.quis@protonmail.org
Devin Preston,5924,Tanjungbalai,09 06 24,sapien.cras.dolor@hotmail.couk
MacKenzie David,9350,Serang,07 02 24,aenean@yahoo.com
Hall Ewing,3045,Samarinda,12 21 24,eros.proin@google.couk
Savannah Roth,7745,Gorontalo,09 28 25,etiam.laoreet.libero@icloud.com
Thane Foster,7670,Palu,08 30 24,phasellus.ornare@aol.ca
Honorato Ellison,1325,Bengkulu,12 29 24,nec@google.net
Levi Fuentes,8846,Manokwari,11 06 24,feugiat@protonmail.net
Rhoda Snider,7298,Ambon,12 11 24,risus.varius.orci@google.edu
Cadman Mooney,4284,Mamuju,08 25 25,est.ac@outlook.ca
Kennan Bonner,7860,Denpasar,12 08 24,dui.fusce@yahoo.edu
Laith Fernandez,1258,Serang,09 26 25,malesuada.augue@aol.couk
Charity Walter,8648,Metro,07 25 24,et.magnis@aol.com
Ivan Holman,6006,Jayapura,03 10 25,posuere.vulputate@protonmail.org
Stephanie Foreman,9766,Gorontalo,04 16 25,sed.sapien.nunc@protonmail.net
Austin Hopper,3703,Singkawang,08 29 24,est@yahoo.com
Sawyer Russo,5401,Tarakan,01 20 25,semper.erat.in@icloud.org
Kasper Wilcox,8621,Jambi,07 02 24,nec.diam@aol.ca
Rashad Pearson,5294,West Jakarta,04 08 26,non@hotmail.edu
Germaine Stewart,9955,Jayapura,06 18 26,metus.eu@google.net
Roanna Baker,9478,Bekasi,12 14 25,eget@icloud.ca
Garrett Abbott,9848,Bima,01 15 26,mauris.eu@icloud.ca
Jasper Serrano,1316,Kupang,08 17 25,sem.ut@icloud.ca
Solomon Lindsay,1684,Gorontalo,03 16 25,pellentesque.eget@aol.ca
Adam Short,1434,Samarinda,10 04 25,et@yahoo.couk
Kessie Cash,5485,Semarang,08 24 24,turpis.aliquam@google.org
Christine Ford,1453,Palembang,11 29 24,mi.fringilla@yahoo.ca
Hasad Henson,6673,Jayapura,08 17 25,luctus@outlook.com
Abbot Bradley,9931,Banda Aceh,05 12 25,vitae@yahoo.org
Jessamine Pace,9112,Manokwari,07 12 24,vitae.sodales@icloud.org
Caleb Jarvis,2677,Palangka Raya,10 14 25,varius@outlook.com
Martin Meyers,2826,Metro,12 02 24,faucibus.leo.in@icloud.org
Dustin Curtis,5369,Palangka Raya,02 09 26,ac.tellus@aol.couk
Lael Morgan,6798,Bima,08 15 25,faucibus@aol.edu
Josephine Hunter,5059,Tarakan,04 28 26,duis.dignissim.tempor@aol.ca
Blake Sparks,7059,Blitar,08 20 24,a.tortor@protonmail.edu
Alea Ewing,6195,Serang,11 13 25,pede.nunc@aol.couk
Brittany Olson,9207,Banjarmasin,02 24 25,phasellus@protonmail.com
Shaine Sosa,8252,Ternate,03 12 25,vivamus.rhoncus.donec@hotmail.edu
Dalton Wheeler,4488,Bitung,03 26 25,aenean.eget@hotmail.ca
Mollie Russo,1261,Singkawang,02 12 25,proin.eget.odio@icloud.com
William Slater,2318,Payakumbuh,11 18 24,duis@protonmail.ca
Daniel Moreno,9386,Semarang,06 11 25,parturient.montes@hotmail.org
Lana Moody,3199,Jayapura,02 15 26,pulvinar.arcu@icloud.net
Erin Moody,6204,Bontang,03 08 26,pretium.et@google.org
Ferris Byrd,4437,Semarang,03 02 25,rhoncus@hotmail.ca
Graiden Ross,7344,Malang,07 03 24,eros.turpis@aol.com
Hanae Crosby,1550,Mataram,06 04 25,ornare.elit.elit@outlook.couk
Xyla Hendricks,2772,Pontianak,03 06 25,amet.orci.ut@aol.edu
Clarke Washington,3455,Tanjung Pinang,05 02 26,semper.et@hotmail.edu
Ocean Reese,4057,Serang,02 07 25,et.nunc.quisque@protonmail.org
Chaney Skinner,7170,Pontianak,10 31 24,dictum.augue.malesuada@hotmail.edu
Stephen Elliott,7352,Banjarmasin,10 21 24,tempus.eu@yahoo.edu
Harrison Mcclure,7478,Tual,05 11 25,cum.sociis@icloud.net
Gary Burnett,3020,Pangkalpinang,10 22 24,lobortis.tellus.justo@protonmail.edu
Driscoll Reeves,8306,Denpasar,05 23 25,integer@yahoo.org
Colton Foster,6573,Kupang,03 06 26,placerat@icloud.ca
Ishmael Robertson,4898,Denpasar,03 19 25,nunc@icloud.ca
Kitra Gamble,3401,Gorontalo,01 29 26,magna.phasellus@outlook.org
Timon Turner,4714,Pangkalpinang,09 29 24,at.fringilla@icloud.com
Linda Bowman,2179,Jayapura,09 03 24,vulputate.posuere@hotmail.edu
Jesse Owen,6681,Jambi,07 27 25,dui.fusce@hotmail.edu
Ariel Santos,4546,Semarang,03 11 25,duis.cursus@hotmail.couk
Caesar Ratliff,5140,Semarang,08 27 25,vehicula@icloud.ca
Aaron White,5207,Gunungsitoli,01 17 25,lacus@hotmail.couk
Joseph May,8067,Jayapura,01 05 25,tincidunt.pede@google.com
Keith Browning,5910,Mamuju,09 28 24,amet@icloud.net
Tamekah Terry,5271,Kendari,08 03 24,urna.ut@google.org
Jason Marquez,2523,Kendari,07 02 24,integer.id.magna@icloud.net
Alden Simpson,4051,Bima,01 23 26,euismod.mauris@icloud.ca
Olga Ellison,3490,East Jakarta,08 06 24,molestie.in.tempus@protonmail.net
George Ellis,8699,Madiun,07 20 25,dolor@hotmail.net
Peter Clements,6861,Bengkulu,07 14 24,ipsum@hotmail.edu
Cadman Contreras,1857,Serang,01 06 26,morbi.tristique@outlook.net
Dieter Ratliff,5182,Palangka Raya,12 01 25,class.aptent.taciti@hotmail.com
Rachel Hines,8049,Parepare,01 11 26,diam.sed@icloud.net
Amity Lawson,4777,Pangkalpinang,02 16 25,interdum.curabitur.dictum@hotmail.net
Sage Charles,6472,Jayapura,02 18 25,ante.bibendum.ullamcorper@icloud.edu
Jenna Shepard,9041,Bitung,12 06 24,ut.nisi.a@google.ca
Rashad Caldwell,9548,Balikpapan,06 10 25,orci@yahoo.net
Noel Morgan,5311,Semarang,07 05 25,lorem.ipsum@yahoo.net
Belle Freeman,3837,Tidore,09 26 25,amet@icloud.com
Nola Stanton,8188,Bandar Lampung,11 26 25,tortor.nunc@icloud.couk
Genevieve Campbell,8441,Dumai,12 19 25,ac@aol.org
Ian Farrell,7595,Palu,02 16 25,posuere.vulputate.lacus@icloud.net
Lucas Sherman,6350,West Jakarta,07 14 24,felis.orci@hotmail.net
Ralph Oneil,6434,Jayapura,02 18 26,vitae.semper@aol.couk
Craig Stokes,1153,Semarang,11 24 24,nec.ante@yahoo.edu
Naida Sullivan,7982,Manokwari,10 25 24,libero@protonmail.org
Nichole Rasmussen,5113,Tanjung Pinang,05 26 26,enim.gravida@aol.net
Scarlett Moon,1213,Ternate,03 07 26,turpis.non.enim@icloud.ca
Karina Oneil,1323,Banda Aceh,12 31 25,eget@yahoo.net
Shelby Cohen,2368,Bengkulu,10 15 25,integer.eu.lacus@aol.com
Rhiannon Sparks,2186,Dumai,02 10 26,dolor.quisque@icloud.edu
Eugenia Rogers,9890,Semarang,06 03 25,vivamus.sit@google.ca
Cherokee Robbins,8999,Pontianak,05 08 25,vehicula@protonmail.com
Adrienne Rogers,3375,Semarang,09 16 24,iaculis.odio.nam@outlook.net
Halla Workman,9964,Gunungsitoli,11 21 24,penatibus@aol.com
Stewart Bauer,9320,Palu,07 15 25,eget.lacus@outlook.edu
Xanthus Randolph,5892,Mamuju,03 01 25,erat.semper@outlook.net
Tatum Mercado,6105,Mamuju,04 03 26,nulla.at@hotmail.edu
Raymond Rivers,9394,Parepare,02 03 25,odio.sagittis.semper@hotmail.com
Dane Castillo,6545,Tanjung Pinang,11 08 25,sed.pharetra@protonmail.org
Cameron Hays,9705,Singkawang,09 06 24,mi.lorem@icloud.org
Lael Wilkinson,1439,Yogyakarta,05 19 26,habitant.morbi@outlook.couk
Ronan Holcomb,1957,Gorontalo,01 08 26,duis.at.lacus@icloud.org
Deanna Serrano,7976,Serang,08 21 25,nunc.mauris@icloud.ca
Shaeleigh Whitley,2375,Palembang,02 21 26,suspendisse.aliquet.molestie@yahoo.com
Blythe Shepard,7291,Gorontalo,07 28 24,suspendisse.non@outlook.couk
Cade Mcclure,3680,Palu,07 13 25,amet.luctus.vulputate@hotmail.edu
Quinn Cote,6926,Tanjung Pinang,07 11 25,mus.proin.vel@google.edu
Donna Marsh,5679,Kupang,05 21 26,ipsum.non.arcu@protonmail.com
Leroy Bartlett,8657,Pangkalpinang,04 13 26,consectetuer.euismod.est@outlook.ca
Dora Acosta,5792,Baubau,01 05 26,dui@hotmail.net
Kadeem Mcclain,6610,Manokwari,12 13 25,sollicitudin.orci.sem@icloud.org
Tarik Rowe,8088,Kupang,09 25 25,aliquam@yahoo.edu
Geraldine Oliver,8322,Pekanbaru,08 10 25,parturient.montes.nascetur@yahoo.edu
Demetria Craig,9948,Palopo,08 05 24,turpis.nulla@hotmail.net
Christine Winters,7443,Ambon,07 03 25,sapien.cras@yahoo.edu
Gisela King,4054,Gorontalo,09 23 25,natoque.penatibus@outlook.org
Shelley Crosby,2380,Madiun,10 23 24,sit.amet.ultricies@protonmail.couk
Edward Riddle,8811,Jayapura,06 06 26,rutrum.justo@outlook.ca
Fuller Vinson,1339,Tual,11 06 24,lacinia.mattis@hotmail.net
Benjamin Boone,7912,Kupang,11 21 24,ante.maecenas@icloud.ca
Beverly Fitzpatrick,8195,Jayapura,06 21 26,ligula.elit.pretium@yahoo.org
Deborah Barron,9021,Madiun,03 19 25,duis.gravida@icloud.edu
Fatima Carey,2586,Kediri,06 09 26,nullam.feugiat@hotmail.net
Cynthia Blake,6091,Denpasar,08 30 25,vulputate@yahoo.net
Marah Gamble,8990,Banjarbaru,06 05 26,consequat.dolor@aol.com
Maite Harrell,4536,Kupang,10 30 24,ipsum.phasellus.vitae@icloud.ca
Grady Marshall,3091,Kupang,06 17 26,nulla.interdum.curabitur@yahoo.org
Ishmael Horn,2383,Makassar,01 15 26,tortor.dictum.eu@protonmail.net
Isaiah Mclaughlin,9212,Mataram,10 29 24,id@aol.org
Beau Camacho,4072,Manado,01 13 26,interdum.nunc@outlook.org
Sonya Jimenez,2341,Mataram,07 25 25,sed.tortor@yahoo.ca
Francesca Chang,9776,Palangka Raya,05 29 25,justo.sit@hotmail.com
Caesar Shepard,3188,Mataram,08 09 24,dui.cras@outlook.couk
Alice Britt,2639,Pangkalpinang,10 16 24,mus.proin@protonmail.couk
Mara Harrell,5451,Bengkulu,06 21 25,dui.augue.eu@aol.com
Gisela Phillips,5095,Semarang,09 20 24,aliquet.molestie.tellus@icloud.org
Guinevere Ross,7304,Denpasar,11 13 25,facilisis@google.com
Jerry Gould,5319,Banjarbaru,04 30 25,lacus@aol.ca
Serena Rios,1857,Mataram,05 01 25,risus@aol.ca
Alden Bean,9656,Tanjung Pinang,08 26 24,nunc.nulla@icloud.couk
Xena Baxter,3593,Banjarmasin,03 07 26,amet.luctus.vulputate@hotmail.ca
Erica Ingram,9019,Jayapura,07 11 25,tortor.dictum.eu@protonmail.net
Daryl Hopkins,7612,Mamuju,02 25 26,lectus@protonmail.edu
Jade Wilkins,6089,Semarang,05 06 25,eros.nam@hotmail.com
Burton Bridges,8165,Tanjung Pinang,06 30 25,eget.massa.suspendisse@outlook.org
Yoshio Peterson,2078,Palu,09 18 25,fermentum.risus.at@aol.org
Xandra Armstrong,4457,Manokwari,06 04 25,lectus.justo.eu@aol.org
Marsden Sosa,9144,Denpasar,04 08 26,cras.interdum@protonmail.com
Aimee Mcclure,4208,Bima,08 31 25,dolor.donec@icloud.ca
Phillip Pickett,9909,Kupang,12 06 25,euismod.urna@yahoo.edu
Desiree Kane,6177,Banjarmasin,04 12 26,curabitur.sed.tortor@hotmail.couk
Beverly Pennington,8908,Bengkulu,05 24 25,ligula.aliquam@hotmail.com
Davis Hopkins,4321,Payakumbuh,11 03 24,at@icloud.org
Chava Flynn,6314,Manokwari,10 19 25,sed.id@google.ca
Harriet Tanner,6071,Banjarmasin,06 22 26,in@outlook.com
Rhoda Goff,5937,Tarakan,05 20 25,dui.suspendisse@icloud.org
Wanda Davis,2231,Kotamobagu,01 23 26,nunc.lectus@icloud.couk
Eliana Hartman,7400,Bengkulu,02 25 25,ullamcorper.duis.at@protonmail.couk
Amos Mcguire,6772,Banda Aceh,03 27 25,nec.mauris.blandit@aol.couk
Germaine Wilkins,1264,Palembang,03 18 26,nunc.est.mollis@outlook.couk
Holly Bradford,7856,Ambon,06 18 26,vel.mauris.integer@protonmail.org
Lydia Cummings,9542,Ternate,01 09 25,aliquam.auctor@outlook.com
Jaquelyn Wood,3283,Banjarbaru,07 05 24,mollis.nec.cursus@outlook.couk
Mira Barnes,8615,Pematangsiantar,09 16 25,ut.odio.vel@icloud.edu
Wanda Andrews,7087,Bekasi,05 09 26,nam@yahoo.edu
Dawn Mcgee,6758,Bontang,12 03 24,mi.enim@yahoo.net
Dante Webb,3307,Batu,02 28 26,euismod.et.commodo@yahoo.ca
Cassady Pruitt,8566,Gorontalo,10 08 25,donec@aol.ca
Ria Dudley,8270,Kendari,09 16 25,ante.bibendum@yahoo.com
Gail Jennings,1557,Palu,05 21 26,tempor@icloud.com
Abel Tillman,5252,Tanjung Pinang,06 18 25,elit@protonmail.org
Nicole Russo,4579,Banda Aceh,08 27 25,velit.egestas.lacinia@aol.org
Nola Kirk,1383,Samarinda,07 08 25,aenean@google.org
Zephr Todd,2192,Serang,05 28 26,luctus.felis.purus@protonmail.couk
Ivan Hart,9207,Tarakan,01 24 25,molestie@icloud.net
Imelda Beach,9163,Probolinggo,05 12 25,interdum.curabitur@hotmail.edu
Clark Bowman,9365,Bengkulu,12 17 25,phasellus.dolor.elit@aol.org
Veda Peck,6024,Tanjung Pinang,04 05 25,etiam.ligula.tortor@protonmail.couk
Jamal Meyers,2800,Bengkulu,04 21 26,mauris.ut.quam@google.net
Thomas Dalton,6880,Palembang,10 18 25,enim.consequat@hotmail.org
Philip Rodgers,4320,Yogyakarta,02 06 26,eget.dictum@protonmail.couk
Haley Hendricks,3235,Palu,04 13 26,viverra.donec@protonmail.ca
Abbot Carr,6321,Mamuju,02 22 25,hendrerit.donec@yahoo.edu
Germane Farrell,1603,Metro,08 12 25,molestie.dapibus.ligula@protonmail.couk
Dara Rodriguez,5224,Manado,12 18 25,non.bibendum@protonmail.net
Vivien Newton,7613,Serang,11 30 24,nullam.lobortis@outlook.org
Francis Powers,3328,Kupang,11 04 24,a@aol.com
Holly Bradshaw,4924,Kendari,09 07 25,pellentesque@icloud.com
Maxwell Bartlett,6603,Tarakan,05 23 25,aenean@google.ca
May Kirby,6008,Pontianak,12 15 24,lectus.nullam@protonmail.edu
Dora Tucker,1571,Bandar Lampung,10 21 25,cras@protonmail.net
Ivory Witt,7035,Payakumbuh,06 18 26,class.aptent@google.couk
Frances Stokes,6436,Bima,11 29 24,curae@protonmail.ca
Amaya Wilkins,6038,Ambon,02 21 26,sit@outlook.ca
Faith Powers,3997,Tarakan,08 22 24,ac@aol.com
Marcia Goff,3809,Banjarbaru,10 04 24,metus.aliquam.erat@yahoo.net
Maggie Henson,1732,Banjarmasin,10 09 24,arcu.aliquam@google.com
Wayne Massey,1663,Tarakan,06 12 25,lorem.vehicula.et@aol.com
Noble Gilmore,9766,Surabaya,11 05 24,etiam@aol.net
Carl Shaw,8593,Mataram,01 26 26,fermentum.fermentum@outlook.edu
Addison Cherry,2114,Tual,07 17 24,at.iaculis@google.couk
Kadeem Weiss,6511,Tanjung Pinang,08 13 25,proin.eget@aol.couk
Rhoda England,5087,Baubau,10 28 25,hendrerit.neque@icloud.net
Travis Cervantes,2606,Banda Aceh,05 20 25,ut.molestie@hotmail.edu
Kennedy Moody,8046,Jambi,03 10 25,est.arcu.ac@outlook.edu
Jayme Cole,1887,Pontianak,08 18 24,suspendisse.eleifend.cras@outlook.com
Melodie Douglas,4095,Palu,09 24 25,ut.ipsum@hotmail.couk
Hector Ortega,1868,Palu,09 26 24,amet@yahoo.ca
Selma Valdez,2293,Makassar,12 10 25,ipsum.ac@outlook.couk
Kitra Chambers,9402,Palu,10 15 24,ornare.egestas.ligula@yahoo.couk
Ina Schmidt,6619,Yogyakarta,09 21 24,dolor.dapibus@google.edu
Orli Boyer,3356,Gorontalo,08 31 25,eu.odio.phasellus@aol.ca
Simon Richard,3368,Metro,04 11 26,per.conubia.nostra@yahoo.net
Iris Frye,6136,Tual,01 08 25,sem.mollis@icloud.net
Ignatius Ware,3553,Banjarmasin,12 11 25,dolor.egestas.rhoncus@protonmail.org
Adrian Tran,6706,Tidore,11 12 24,egestas.nunc.sed@google.couk
Pascale Green,9399,Palangka Raya,11 19 24,fusce.diam@google.net
Tana Fields,6046,Kupang,01 16 26,mauris@outlook.com
Garth Snow,7150,Mataram,03 29 26,nec.ante@protonmail.edu
Tatiana Carr,9843,Banda Aceh,08 04 25,natoque.penatibus.et@yahoo.ca
Winter Finley,7934,Palangka Raya,01 20 25,dis.parturient@google.net
Alfreda Lara,7684,Palembang,10 13 24,sit.amet@yahoo.edu
Kyra Santos,1229,Banjarbaru,08 04 24,quisque.purus@aol.com
Imogene Alexander,5844,East Jakarta,01 03 25,consectetuer.adipiscing.elit@icloud.ca
Shelby Carter,9753,Gorontalo,10 17 25,nulla.at@google.couk
Omar Webb,7695,Kendari,11 17 24,ac.eleifend@aol.org
Fay Hubbard,1459,Bukittinggi,07 10 25,nascetur@aol.edu
Rudyard Powell,8912,Kupang,04 04 26,id.mollis.nec@protonmail.org
Malcolm Wooten,8961,Makassar,10 07 24,semper.dui@google.edu
Gay Mayo,5408,Palembang,07 05 24,neque.morbi@outlook.com
Tasha Daniel,3084,Semarang,04 19 25,pede.nunc.sed@protonmail.edu
Quon Weeks,5897,Pariaman,06 16 25,ut.pharetra@icloud.com
Evan Rosales,1652,Kupang,07 28 25,vestibulum.accumsan@yahoo.net
Uta Hart,7508,Metro,04 18 25,enim.nisl.elementum@icloud.edu
Raven Hancock,5911,Bontang,01 05 25,proin.velit@hotmail.ca
Dorian Mccarthy,2548,Banda Aceh,05 25 25,sed.orci@google.org
Martin Snyder,1447,Pematangsiantar,06 26 24,consectetuer@icloud.couk
Madison Wilkerson,9416,Mamuju,07 19 24,eleifend.egestas.sed@protonmail.couk
Ignatius Blevins,9102,Payakumbuh,06 17 26,natoque@google.couk
Ocean Park,1272,Tidore,01 22 25,facilisis.vitae.orci@aol.org
Thor Velasquez,2306,Bengkulu,03 31 26,rutrum@outlook.net
Maia Joyce,6070,Batu,09 27 24,metus.aenean.sed@hotmail.org
Kaseem David,2542,Mamuju,11 14 24,lectus.nullam@icloud.ca
Burton Valentine,9037,Pematangsiantar,08 31 25,rutrum@yahoo.org
Dai Hunter,2981,Baubau,12 08 24,aliquet.libero.integer@protonmail.net
Connor Joseph,2717,Banjarmasin,09 25 24,pharetra@yahoo.org
Kessie Randolph,3923,Serang,12 06 24,sollicitudin.commodo@hotmail.couk
Adam Dennis,9954,Bengkulu,11 05 24,sed.est@yahoo.org
Garth Vasquez,8575,Bandar Lampung,03 24 26,vulputate@icloud.net
Kieran Myers,3215,Pangkalpinang,08 23 25,phasellus.ornare.fusce@yahoo.com
Reece Maxwell,2670,Tanjung Pinang,04 19 26,nulla.tincidunt@hotmail.org
Petra Bruce,2317,Pontianak,10 09 25,cursus.diam.at@google.edu
Galena Alvarez,9202,Palangka Raya,01 19 26,mauris.integer@icloud.net
Sade Benson,9808,Jambi,07 05 25,sed.consequat@yahoo.net
Ali Larsen,3136,Tomohon,03 13 25,ultrices.posuere.cubilia@hotmail.com
Gareth Pacheco,1281,Mamuju,11 13 24,dolor.quam@icloud.edu
Sylvia Farley,9462,Mamuju,03 12 26,dictum.mi.ac@outlook.net
Castor Guerrero,2840,Bengkulu,08 02 24,donec.egestas.aliquam@protonmail.com
Dacey Trujillo,8201,Gunungsitoli,01 15 25,orci@google.ca
Grant Cochran,8896,Bengkulu,04 16 26,blandit@hotmail.edu
Mollie Hicks,9082,Tarakan,12 09 24,eleifend.egestas.sed@yahoo.net
Brianna Cortez,8836,Semarang,11 20 25,consectetuer.adipiscing@protonmail.net
Maxine Berg,6519,Mamuju,03 18 25,lacus.pede.sagittis@hotmail.net
Ulysses Hurley,2092,Pangkalpinang,10 16 24,luctus@outlook.com
Melodie Moore,4151,Bitung,06 27 25,aenean@aol.edu
Cooper Hunter,9334,Mamuju,09 18 24,nunc@outlook.net
Justin O'connor,2407,Serang,06 20 25,turpis@icloud.net
Ria Beasley,4305,Bitung,07 17 25,molestie@icloud.com
Ethan Talley,7812,Singkawang,11 26 24,mi.fringilla@icloud.com
Quentin Francis,9926,North Jakarta,08 02 25,pede.sagittis.augue@yahoo.ca
Brian Miles,8716,Yogyakarta,03 26 25,molestie.in@icloud.net
Kiayada Sloan,6614,Yogyakarta,04 22 26,gravida.sagittis@aol.org
Martena Mccoy,9934,Singkawang,07 25 24,aliquet@protonmail.com
Lars Buchanan,9215,Manado,01 07 26,sem.egestas@google.org
Akeem Contreras,4400,Makassar,04 14 26,erat.etiam.vestibulum@aol.net
Chastity Patterson,1353,Metro,10 01 24,orci.phasellus@yahoo.org
Alden Gregory,3988,Bima,06 20 26,a.nunc@yahoo.ca
Dahlia Sargent,5132,Pasuruan,01 31 26,enim@aol.edu
Yael Pennington,5087,Blitar,12 23 25,faucibus.leo@hotmail.couk
Sonya Daugherty,2903,Singkawang,05 13 25,elit@icloud.org
Carol Goodwin,1475,Padang Panjang,02 03 25,diam.nunc@icloud.edu
Skyler Rollins,1696,Pontianak,10 23 25,nunc.pulvinar.arcu@yahoo.edu
Jaquelyn Bernard,7753,Yogyakarta,02 04 26,laoreet.ipsum@protonmail.ca
Sandra Ryan,6270,Serang,02 09 26,elit.etiam@icloud.ca
Oren Sellers,2860,Surabaya,08 31 24,congue.elit.sed@aol.com
Shay Fitzpatrick,8950,West Jakarta,07 18 25,dolor.sit@outlook.ca
Shelly Fitzgerald,6527,Sibolga,05 05 26,lobortis.ultrices.vivamus@aol.net
Raja Brady,9443,Palangka Raya,09 24 25,in.tincidunt.congue@aol.net
Oleg Schmidt,9068,Denpasar,02 28 25,tempor.est@aol.org
Natalie Fletcher,8321,Samarinda,06 12 25,auctor.ullamcorper.nisl@icloud.net
Dacey Middleton,5178,Pontianak,03 30 25,turpis.in.condimentum@outlook.couk
Lars Kidd,3553,Palembang,11 08 24,mattis.cras@icloud.org
Kato Wells,2335,Manokwari,03 18 26,enim.gravida@aol.ca
Chaney Doyle,5665,Denpasar,02 05 26,rutrum.magna.cras@yahoo.com
Jillian Brady,5754,Mamuju,04 01 25,in.faucibus@hotmail.org
Rina Kennedy,1514,Pekanbaru,07 28 25,quam@google.org
Eleanor Holcomb,3923,Medan,06 12 25,ligula.aenean@protonmail.net
Forrest Hawkins,8704,Bima,09 04 25,quam.curabitur@google.org
Rachel Patterson,3553,Denpasar,11 29 24,enim.nec@hotmail.edu
Garrison Cardenas,9569,Banjarbaru,03 07 25,lectus@outlook.com
Mohammad James,3027,Denpasar,12 04 25,molestie.pharetra.nibh@icloud.com
Kalia Delacruz,2471,Kendari,06 07 25,diam.proin@aol.com
Shafira Patton,7919,Palembang,07 15 24,ut.tincidunt@yahoo.couk
Macaulay Durham,6489,Dumai,03 23 25,at.pretium@yahoo.com
Macon Goff,2896,Tasikmalaya,04 12 26,a.enim@google.ca
Aretha Fitzgerald,8590,Denpasar,08 23 25,aliquam.eu.accumsan@outlook.edu
Ocean Strong,8099,Gorontalo,10 16 24,ipsum.donec.sollicitudin@outlook.couk
Cailin Fuller,6996,Palu,03 05 26,lorem@protonmail.edu
Chester Ball,8090,Dumai,08 20 24,consectetuer.rhoncus.nullam@yahoo.edu
Adria Duncan,3572,Palu,03 01 25,taciti.sociosqu.ad@google.couk
Cathleen Copeland,5598,Depok,12 02 24,sodales.nisi@protonmail.com
Louis Dennis,2636,Palembang,02 25 25,sed.sem@aol.com
Giacomo Chan,8513,Yogyakarta,02 02 26,arcu@aol.ca
Forrest Byers,4960,Gorontalo,03 06 26,nisi.mauris.nulla@outlook.net
Flynn Walsh,9319,Tanjung Pinang,03 03 26,tincidunt.orci@aol.com
Jasper Bradley,8865,Singkawang,07 28 25,lobortis@aol.org
Denton Perkins,1149,Banda Aceh,11 11 25,ridiculus.mus.aenean@protonmail.edu
Mariam Cantu,9055,Jayapura,04 26 25,dui.fusce.aliquam@outlook.edu
Paloma Elliott,4201,Padang Panjang,11 14 24,erat.semper@aol.couk
Ria James,6886,Tomohon,07 10 25,vitae.purus.gravida@icloud.edu
Uriah Barry,5447,Banjarmasin,12 16 25,mattis.ornare@protonmail.org
Oprah Luna,3858,Gorontalo,05 29 25,ornare.egestas@hotmail.net
Ahmed Sosa,3697,Tebing Tinggi,06 03 25,nulla.eget@icloud.ca
Dolan Sykes,7906,Parepare,10 21 25,sit@google.ca
Adara Rasmussen,6747,Tanjung Pinang,10 08 24,ultricies.ligula@protonmail.ca
Kenyon Church,8386,Yogyakarta,12 26 25,suspendisse@icloud.org
Aileen Meadows,2297,Semarang,06 04 26,id.ante@icloud.ca
Hedwig Adkins,9522,Jambi,10 06 24,elementum.at@google.net
Lila Wells,4146,Baubau,10 28 25,sed.pede@icloud.couk
Arthur Weeks,7902,Ternate,07 29 24,leo.morbi.neque@yahoo.ca
Geraldine Mccarthy,3771,Tidore,05 11 25,quis@google.edu
Leila Swanson,5341,Sungai Penuh,06 02 25,tincidunt.vehicula@yahoo.org
Dominic Hood,5949,Banda Aceh,12 31 24,a.neque@protonmail.edu
Allistair Pugh,3568,Makassar,04 26 26,donec@icloud.edu
Graham Valencia,4559,Jayapura,07 01 25,nibh.sit@protonmail.couk
Sharon Marshall,7396,Dumai,07 01 24,vulputate.mauris.sagittis@outlook.couk
Grady Woodward,8324,Balikpapan,08 24 25,nulla.eget@google.net
Kenyon Tillman,8913,Palembang,09 23 25,eu@hotmail.ca
Angela Donaldson,3295,Bandar Lampung,07 01 25,consectetuer.adipiscing@hotmail.ca
Jared Shepard,8637,Palangka Raya,11 01 24,proin.vel@google.ca
Jakeem Richard,6525,Sungai Penuh,06 19 25,ipsum.primis.in@outlook.ca
Candice Harrington,3002,Banjarmasin,11 12 25,nisi@icloud.edu
Jacqueline Solomon,6149,Yogyakarta,08 08 24,ut.sagittis.lobortis@outlook.com
Kiara Allison,6164,Tarakan,03 11 26,turpis.in@hotmail.couk
Teagan French,9009,Yogyakarta,05 05 25,vel.turpis@outlook.couk